<?xml version="1.0" encoding="UTF-8"?>
    <addon id="repository.Master_Build" name="Master Build" version="0.1.0" provider-name="The Builder">
        <requires>
            <import addon="xbmc.addon" version="12.0.0"/>
        </requires>
        <extension point="xbmc.addon.repository" name="Master Build">
            <info compressed="false">https://github.com/K-Glasius/Master_Builder_repo/addons.xml</info>
            <checksum>https://github.com/K-Glasius/Master_Builder_repo/addons.xml.md5</checksum>
            <datadir zip="true">https://github.com/K-Glasius/Master_Builder_repo/</datadir>
            <hashes>false</hashes>
        </extension>
        <extension point="xbmc.addon.metadata">
            <summary>Test to make a Repo</summary>
            <description>This is a test on how to make a Repo.</description>
            <platform>all</platform>
    </extension>
</addon>