<?xml version="1.0" encoding="UTF-8" standalone="yes"?>
<addon id="plugin.program.skymashitvwizard" name="SkymashiTV Wizard" version="2.0" provider-name="SkymashiTV">
  <requires>
    <import addon="xbmc.python" version="2.1.0"/>
  </requires>
  <extension point="xbmc.python.pluginsource" library="default.py">
    <provides>executable</provides>
  </extension>
  <extension point="xbmc.service" library="startup.py" start="startup" />
  <extension point="xbmc.addon.metadata">
    <summary lang="en">SkymashiTV Wizard</summary>
    <description lang="en">Easy install of the latest SkymashiTV Builds, Add-ons and APKs!</description>
    <platform>all</platform>
  </extension>
</addon>